{
  "hash": "d0468c2a",
  "configHash": "dc9a1a65",
  "lockfileHash": "26ccfdac",
  "browserHash": "709a1b7d",
  "optimized": {
    "@angular/common": {
      "src": "../../../../../../node_modules/@angular/common/fesm2022/common.mjs",
      "file": "@angular_common.js",
      "fileHash": "a4f450b6",
      "needsInterop": false
    },
    "@angular/common/http": {
      "src": "../../../../../../node_modules/@angular/common/fesm2022/http.mjs",
      "file": "@angular_common_http.js",
      "fileHash": "782ec8d4",
      "needsInterop": false
    },
    "@angular/core": {
      "src": "../../../../../../node_modules/@angular/core/fesm2022/core.mjs",
      "file": "@angular_core.js",
      "fileHash": "4ad1f076",
      "needsInterop": false
    },
    "@angular/platform-browser": {
      "src": "../../../../../../node_modules/@angular/platform-browser/fesm2022/platform-browser.mjs",
      "file": "@angular_platform-browser.js",
      "fileHash": "d3f042e5",
      "needsInterop": false
    },
    "@angular/router": {
      "src": "../../../../../../node_modules/@angular/router/fesm2022/router.mjs",
      "file": "@angular_router.js",
      "fileHash": "9efc9f25",
      "needsInterop": false
    }
  },
  "chunks": {
    "chunk-D5SJJ2LM": {
      "file": "chunk-D5SJJ2LM.js"
    },
    "chunk-NDMHF6G7": {
      "file": "chunk-NDMHF6G7.js"
    },
    "chunk-IKCMH5YD": {
      "file": "chunk-IKCMH5YD.js"
    },
    "chunk-2F6OC2JK": {
      "file": "chunk-2F6OC2JK.js"
    },
    "chunk-WGQFXCG2": {
      "file": "chunk-WGQFXCG2.js"
    }
  }
}